{"cameraMode":{"drawMode":0,"name":"Shaded","section":"Shading Mode"},"sceneLighting":true,"audioPlay":false,"sceneViewState":{"showFog":false,"showMaterialUpdate":false,"showSkybox":false,"showFlares":false,"showImageEffects":false,"showParticleSystems":false},"in2DMode":false,"pivot":{"x":-27.43118667602539,"y":53.98735046386719,"z":-35.83074188232422},"rotation":{"x":-0.1303883194923401,"y":0.8691887855529785,"z":-0.3515160083770752,"w":-0.3224094808101654},"size":21.133766174316408,"orthographic":false}